,v1,v2,vC,main_effect_cross_predictability,main_effect_cov,pure_interactions
"('residual_sugar', 'chlorides')",0.009988386621576162,0.024238321769735574,0.0,0.009134199956589909,0.004630460591674326,0.005055076198617467
"('residual_sugar', 'citric_acid')",0.009988386621576162,0.015158007097180227,0.0,0.0048830730636365794,0.0028097190528993,0.004599429105154641
"('residual_sugar', 'density')",0.009988386621576162,0.025893662574276687,0.0,0.02278306631637066,0.016639597979463423,0.006176179957138246
"('residual_sugar', 'fixed_acidity')",0.009988386621576162,0.011510722320306985,0.0,0.00489103899709383,0.001132181401677736,0.006402512332454934
"('residual_sugar', 'free_sulfur_dioxide')",0.009988386621576162,0.013324710882325477,0.0,0.0051905575393631515,0.0023441219676103653,0.004167616509676216
"('residual_sugar', 'pH')",0.009988386621576162,0.00491118295098936,0.0,0.0027052803479286876,0.000600238352848625,0.004090510335742063
"('residual_sugar', 'sulphates')",0.009988386621576162,0.014378839329574376,0.0,0.00292843072730018,0.0018299056348022986,0.006736462795031579
"('residual_sugar', 'total_sulfur_dioxide')",0.009988386621576162,0.01232031872701895,0.0,0.0028154214226159863,0.0014908278070497976,0.003560177661149299
"('residual_sugar', 'volatile_acidity')",0.009988386621576162,0.014757758253664302,0.0,0.008330525634322974,0.004341969500751456,0.008767347284341668
