,v1,v2,vC,main_effect_cross_predictability,main_effect_cov,pure_interactions
"('citric_acid', 'chlorides')",0.06774288405374447,0.08998602409594644,0.0,-0.009883615974265653,-0.021831563671905772,0.012588503800387965
"('citric_acid', 'density')",0.06774288405374447,0.13079710922581195,0.0,-0.013225037998807901,-0.022755815014299473,0.0066982389558537915
"('citric_acid', 'fixed_acidity')",0.06774288405374447,0.011381258688764977,0.0,0.0004206393461242483,0.00592114223096607,0.00933539097119777
"('citric_acid', 'free_sulfur_dioxide')",0.06774288405374447,0.04135335168414607,0.0,-0.005262678451900406,-0.01152281847355647,0.010315721373332521
"('citric_acid', 'pH')",0.06774288405374447,0.002327775263204215,0.0,-0.002561891224832587,0.008022709916647873,0.009948283322445187
"('citric_acid', 'residual_sugar')",0.06774288405374447,0.02395864957596672,0.0,-0.005258402082866103,0.006394583062304292,0.007406471895864658
"('citric_acid', 'sulphates')",0.06774288405374447,0.023556466288969832,0.0,-0.0014031229217650169,0.004432431944769442,0.008769068451754607
"('citric_acid', 'total_sulfur_dioxide')",0.06774288405374447,0.04638022370933964,0.0,-0.009198486408884762,0.0007234203841467678,0.008306280798338237
"('citric_acid', 'volatile_acidity')",0.06774288405374447,0.07261062785597777,0.0,-0.016506042937604826,-0.024462699652372993,0.005919762487971043
