,v1,v2,vC,main_effect_cross_predictability,main_effect_cov,pure_interactions
"('citric_acid', 'chlorides')",0.01702780248913033,0.023303072479810418,0.0,0.009358548594036765,0.0033362667990758667,0.00601742136699247
"('citric_acid', 'density')",0.01702780248913033,0.028955819792456074,0.0,0.009246833359890232,0.003492848495178131,0.0029864920369104143
"('citric_acid', 'fixed_acidity')",0.01702780248913033,0.013754586624922956,0.0,0.004386305499724447,0.0031796877184617632,0.004335114536284982
"('citric_acid', 'free_sulfur_dioxide')",0.01702780248913033,0.016458067496578976,0.0,0.00652297233634607,0.002592912671121506,0.002851142109891531
"('citric_acid', 'pH')",0.01702780248913033,0.004850715981941394,0.0,0.004534684748319198,0.0018461214542503455,0.005377429250103992
"('citric_acid', 'residual_sugar')",0.01702780248913033,0.009465516199787445,0.0,0.004214634111945822,0.0026057077875810165,0.004653775856663329
"('citric_acid', 'sulphates')",0.01702780248913033,0.008946720850285248,0.0,0.006470007125442962,0.002610803886443433,0.002419591465193954
"('citric_acid', 'total_sulfur_dioxide')",0.01702780248913033,0.01628457480358311,0.0,0.007676101113125447,0.0026358829108892646,0.00634052339405397
"('citric_acid', 'volatile_acidity')",0.01702780248913033,0.02117137779242787,0.0,0.015620216337352982,0.004301926551970072,0.00436100109293297
